id,type,text1,text2,text3,notes
illent_desc_1,CUSTOM,,,,
illent_desc_2,CUSTOM,,,,
illent_desc_3,CUSTOM,,,,
illent_desc_4,CUSTOM,,,,
illent_desc_5,CUSTOM,,,,
illent_desc_6,CUSTOM,,,,
illent_desc_7,CUSTOM,,,,
illent_desc_8,CUSTOM,,,,
illent_desc_9,CUSTOM,,,,
illent_desc_10,CUSTOM,,,,
illent_desc_11,CUSTOM,,,,
illent_desc_12,CUSTOM,,,,
illent_desc_13,CUSTOM,,,,
illent_desc_14,CUSTOM,,,,
illent_desc_15,CUSTOM,,,,
illent_desc_16,CUSTOM,,,,
illent_desc_17,CUSTOM,,,,
illent_desc_18,CUSTOM,,,,
illent_desc_19,CUSTOM,,,,
illent_desc_20,CUSTOM,,,,
illent_desc_21,CUSTOM,,,,
illent_desc_22,CUSTOM,,,,
illent_desc_23,CUSTOM,,,,
illent_desc_24,CUSTOM,,,,
illent_desc_25,CUSTOM,,,,
illent_desc_26,CUSTOM,,,,
illent_desc_27,CUSTOM,,,,
illent_desc_28,CUSTOM,,,,
illent_desc_29,CUSTOM,,,,
illent_desc_30,CUSTOM,,,,
illent_desc_31,CUSTOM,,,,
illent_desc_32,CUSTOM,,,,
illent_desc_33,CUSTOM,,,,
illent_desc_34,CUSTOM,,,,
illent_desc_35,CUSTOM,,,,
illent_desc_36,CUSTOM,,,,
illent_desc_37,CUSTOM,,,,
illent_desc_38,CUSTOM,,,,
illent_desc_39,CUSTOM,,,,
illent_desc_40,CUSTOM,,,,
illent_desc_41,CUSTOM,,,,
illent_desc_42,CUSTOM,,,,
illent_desc_43,CUSTOM,,,,
illent_desc_44,CUSTOM,,,,
illent_desc_45,CUSTOM,,,,
illent_desc_46,CUSTOM,,,,
illent_desc_47,CUSTOM,,,,
illent_desc_48,CUSTOM,,,,
illent_desc_49,CUSTOM,,,,
illent_desc_50,CUSTOM,,,,
illent_desc_51,CUSTOM,,,,
illent_desc_52,CUSTOM,,,,
illent_desc_53,CUSTOM,,,,
illent_desc_54,CUSTOM,,,,
illent_desc_55,CUSTOM,,,,
illent_desc_56,CUSTOM,,,,
illent_desc_57,CUSTOM,,,,
illent_desc_58,CUSTOM,,,,
illent_desc_59,CUSTOM,,,,
illent_desc_60,CUSTOM,,,,
illent_desc_61,CUSTOM,,,,
illent_desc_62,CUSTOM,,,,
illent_desc_63,CUSTOM,,,,
illent_desc_64,CUSTOM,,,,
illent_desc_65,CUSTOM,,,,
illent_desc_66,CUSTOM,,,,
illent_desc_67,CUSTOM,,,,
illent_desc_68,CUSTOM,,,,
illent_desc_69,CUSTOM,,,,
illent_desc_70,CUSTOM,,,,
illent_desc_71,CUSTOM,,,,
illent_desc_72,CUSTOM,,,,
illent_desc_73,CUSTOM,,,,
illent_desc_74,CUSTOM,,,,
illent_desc_75,CUSTOM,,,,
illent_desc_76,CUSTOM,,,,
illent_desc_77,CUSTOM,,,,
illent_desc_78,CUSTOM,,,,
illent_desc_79,CUSTOM,,,,
illent_desc_80,CUSTOM,,,,
illent_desc_81,CUSTOM,,,,
illent_desc_82,CUSTOM,,,,
illent_desc_83,CUSTOM,,,,
illent_desc_84,CUSTOM,,,,
illent_desc_85,CUSTOM,,,,
illent_desc_86,CUSTOM,,,,
illent_desc_87,CUSTOM,,,,
illent_desc_88,CUSTOM,,,,
illent_desc_89,CUSTOM,,,,
illent_desc_90,CUSTOM,,,,
illent_desc_91,CUSTOM,,,,
illent_desc_92,CUSTOM,,,,
illent_desc_93,CUSTOM,,,,
illent_desc_94,CUSTOM,,,,
illent_desc_95,CUSTOM,,,,
illent_desc_96,CUSTOM,,,,
illent_desc_97,CUSTOM,,,,
illent_desc_98,CUSTOM,,,,
illent_desc_99,CUSTOM,,,,
illent_desc_100,CUSTOM,,,,